<?xml version="1.0" encoding="UTF-8"?>  
    <beans xmlns="http://www.springframework.org/schema/beans"  
        xmlns:xsi="http://www.w3.org/2001/XMLSchema-instance"  
        xmlns:p="http://www.springframework.org/schema/p"  
         xmlns:mvc="http://www.springframework.org/schema/mvc"
        xmlns:context="http://www.springframework.org/schema/context"  
        xsi:schemaLocation="http://www.springframework.org/schema/beans  
    http://www.springframework.org/schema/beans/spring-beans-3.0.xsd  
    http://www.springframework.org/schema/context  
    http://www.springframework.org/schema/context/spring-context-3.0.xsd
    http://www.springframework.org/schema/mvc 
    http://www.springframework.org/schema/mvc/spring-mvc.xsd">  
        
        
        <context:component-scan  base-package="com.loginandregister.controller"/>
            
       <mvc:annotation-driven/>
        <bean class="org.springframework.web.servlet.view.InternalResourceViewResolver">  
            <property name="prefix" value="/WEB-INF/jsp/"/>  
            <property name="suffix" value=".jsp"/>  
        </bean>  
        
        <bean id="dataSource" class="org.apache.commons.dbcp.BasicDataSource">  
        <property name="driverClassName"  value="com.mysql.jdbc.Driver"></property>  
        <property name="url" value="jdbc:mysql://localhost:3306/ADJAVA_ProjectSpringHibernate?createDatabaseIfNotExist=true"></property>  
        <property name="username" value="root"></property>  
        <property name="password" value="root"></property>  
    </bean> 
        
        
        <bean id="mysessionFactory"  class="org.springframework.orm.hibernate3.LocalSessionFactoryBean">  
        <property name="dataSource" ref="dataSource"></property>  
          
        <property name="mappingResources">  
        <list>  
        <value>database.hbm.xml</value>  
        </list>  
        </property>  
          
        <property name="hibernateProperties">  
            <props>  
                <prop key="hibernate.dialect">org.hibernate.dialect.MySQLDialect</prop>  
                <prop key="hibernate.hbm2ddl.auto">update</prop>  
                <prop key="hibernate.show_sql">true</prop>      
            </props>  
        </property>  
    </bean> 
    
    <bean id="template" class="org.springframework.orm.hibernate3.HibernateTemplate">  
    		<property name="sessionFactory" ref="mysessionFactory"></property>  
    </bean>  
    
    <bean id="d" class="com.database.AdminDao">  
    		<property name="template" ref="template"></property>  
    </bean>
        
    <bean id="d1" class="com.database.UserDao">  
    		<property name="template" ref="template"></property>  
    </bean>
    
    <bean id="d2" class="com.database.QuestionDao">  
    		<property name="template" ref="template"></property>  
    </bean>
    
     <bean id="d3" class="com.database.SubjectDao">  
    		<property name="template" ref="template"></property>  
    </bean>
       
        
    </beans>  