<?xml version="1.0" encoding="UTF-8"?>

<!DOCTYPE hibernate-mapping PUBLIC
          "-//Hibernate/Hibernate Mapping DTD 3.0//EN"
                    "http://hibernate.sourceforge.net/hibernate-mapping-3.0.dtd">



<hibernate-mapping>

<!-- The name attribute in property tag should be same as the variables mentioned in bean class(in this case AdminBean.java).
	Otherwise it gives error.
 -->
	<class name="com.bean.AdminBean" table="Admin">
	
		<id name="email_id" column="EMAIL_ID"></id>
		
		<property name="firstName" column="FIRST_NAME"></property>
		<property name="lastName" column="LAST_NAME"></property>
		<property name="phoneNumber" column="PHONE_NUMBER"></property>
		<property name="password" column="PASSWORD"></property>
	
	</class>
	
<!-- The name attribute in property tag should be same as the variables mentioned in bean class(in this case AdminBean.java).
	Otherwise it gives error.
 -->
	<class name="com.bean.UserBean" table="User">
	
		<id name="email_id" column="EMAIL_ID"></id>
		
		<property name="firstName" column="FIRST_NAME"></property>
		<property name="lastName" column="LAST_NAME"></property>
		<property name="phoneNumber" column="PHONE_NUMBER"></property>
		<property name="password" column="PASSWORD"></property>
	
	</class>
	
<!-- The name attribute in property tag should be same as the variables mentioned in bean class(in this case QuestionBean.java).
	Otherwise it gives error.
 -->
	<class name="com.bean.QuestionBean" table="Questions">
		
		<id name="id" column="ID">
			<generator class="increment"></generator>
		</id>
		
		<property name="category" column="CATEGORY"></property>
		<property name="question" column="QUESTION"></property>
		<property name="option1" column="OPTION_A"></property>
		<property name="option2" column="OPTION_B"></property>
		<property name="option3" column="OPTION_C"></property>
		<property name="option4" column="OPTION_D"></property>
		<property name="correctAnswer" column="CORRECT_ANSWER"></property>
	
	</class>
	
	<class name="com.bean.SubjectBean" table="Subjects">
		
		<id name="newSubject" column="Subject_Name">
			<generator class="assigned"></generator>
		</id>
		
	</class>


</hibernate-mapping>